{
  "26.0": {
  "exp+1": 8049.8193359375,
    "exp+2": 12131.2783203125,
    "exp-1": 3989.74609375,
    "exp-2": 2687.5,
    "exp0": 4000.0,
    "obs": 10539.692186604305
  }
}
